4,0.752,0,adult,sbc,unigram
5,0.745,-0.007000000000000006,adult,sbc,unigram
6,0.622,-0.123,adult,sbc,unigram
7,0.622,0.0,adult,sbc,unigram
8,0.581,-0.041000000000000036,adult,sbc,unigram
9,0.582,0.0010000000000000009,adult,sbc,unigram
10,0.565,-0.017000000000000015,adult,sbc,unigram
11,0.564,-0.0010000000000000009,adult,sbc,unigram
12,0.584,0.020000000000000018,adult,sbc,unigram
13,0.585,0.0010000000000000009,adult,sbc,unigram
14,0.593,0.008000000000000007,adult,sbc,unigram
