language,slope1,slope2,slope3,slope4,slope5
Alemannic,-4.335204852106791e-5,7.988306856759622e-6,2.3849316792936863e-6,-1.2789876542804237e-6,5.502172780743062e-6
