language,slope1,slope2,slope3,slope4,slope5
Alemannic,-4.335204852106791e-5,7.988306856759622e-6,2.3849316792936863e-6,-1.2789876542804237e-6,5.502172780743062e-6
Basque,-7.147615381445387e-6,-8.777638021172877e-7,-8.397029572783711e-8,-2.241367222514343e-6,-1.0996114872352381e-5
