language,slope1,slope2,slope3,slope4,slope5
Alemannic,-4.335204852106791e-5,7.988306856759622e-6,2.3849316792936863e-6,-1.2789876542804237e-6,5.502172780743062e-6
Basque,-7.147615381445387e-6,-8.777638021172877e-7,-8.397029572783711e-8,-2.241367222514343e-6,-1.0996114872352381e-5
Tulu,6.223330283352393e-4,6.216545298536814e-6,-9.911597550263882e-5,-1.7549986127833185e-4,-7.278149168218311e-4
Kabiye,-0.0017881798478727709,-1.954511625523247e-5,-8.373781990103699e-6,-2.6924245406995003e-5,-6.653330598384628e-4
Dutch,-2.626459067200357e-6,8.04512009517419e-8,-8.234808326347928e-9,-2.0188952051084345e-7,1.6213928524307924e-8
