1,2,3,4,5,6,7,language,source,gram
2.3826552442600155,1.7229315534182452,1.7485576658296658,1.768920082340216,1.7115301550099247,1.7573472359031685,2.043055749137979,bnc,adult,trigram
2.836132394782832,3.2866387749718995,3.226736170395722,3.2027010648155194,3.0915377486906994,3.1477949890857317,4.164652198724651,bnc,adult,unigram
2.337490231875028,2.804872944047976,2.798663812639515,2.6128494894498444,3.0807898521383574,2.7185163680074433,3.4539932124929935,sbc,adult,unigram
1.8649128343305668,1.1835535210670525,1.0284979874343514,0.8636428879492543,1.10098802740263,0.8415481165688357,1.1256319208888927,sbc,adult,trigram
